
{
    "region" : "us-east-1",
    "profile" : "xhencito",
    "configuration" : "Release",
    "image-tag"     : "tms/kiosco:latest",
    "docker-build-working-dir" : "",
    "cluster"                  : "hola",
    "launch-type"              : "FARGATE",
    "launch-subnets"           : "subnet-052053811e12ba745,subnet-0d187a1eb3e23a5c1,subnet-000535cad1b36bcd6,subnet-0de37c8674bb7d7bd,subnet-0da66b4774c744147,subnet-06794f7955924ffd6",
    "launch-security-groups"   : "sg-0d74fef2edb899e7f",
    "assign-public-ip"         : true,
    "task-definition-name"     : "Kiosco",
    "task-definition-network-mode" : "awsvpc",
    "task-cpu"                     : "256",
    "task-memory"                  : "512",
    "platform-version"             : "LATEST",
    "task-definition-task-role"    : "arn:aws:iam::676206949384:role/ecs_execution_Kiosco",
    "task-execution-role"          : "arn:aws:iam::676206949384:role/ecsTaskExecutionRole",
    "container-name"               : "Kiosco",
    "container-port-mapping"       : "80:80",
    "container-environment-variables" : "\"ASPNETCORE_ENVIRONMENT\"=\"Production\"",
    "skip-image-push"                 : false,
    "cluster-service"                 : "Kiosco",
    "desired-count"                   : 1,
    "deployment-minimum-healthy-percent" : 50,
    "deployment-maximum-percent"         : 200,
    "vstoolkit-deployment-mode"          : "DeployService"
}